{
	 "rootnode": {
		 "name": "<BlenderRoot>"
		,"transformation": [
			 1
			,0
			,0
			,0
			,0
			,1
			,0
			,0
			,0
			,0
			,1
			,0
			,0
			,0
			,0
			,1
		]
		,"children": [
			{
				 "name": "Armature"
				,"transformation": [
					 1
					,0
					,0
					,0
					,0
					,1
					,0
					,0
					,0
					,0
					,1
					,0
					,0
					,0
					,0
					,1
				]
				,"children": [
					{
						 "name": "HumanBody"
						,"transformation": [
							 1
							,0
							,0
							,0
							,0
							,1
							,0
							,0
							,0
							,0
							,1
							,3.5
							,0
							,0
							,0
							,1
						]
						,"meshes": [
							 0
						]
					}
				]
			}
		]
	}
	,"flags": 8
	,"meshes": [
		{
			 "name": "meshId0_name"
			,"materialindex": 0
			,"primitivetypes": 4
			,"vertices": [
				 -0.5
				,-0.25
				,-3.50547
				,-0.5
				,1
				,-4.02981
				,-0.5
				,-1
				,-4.02981
				,-0.5
				,0.25
				,-3.50547
				,0.5
				,-0.25
				,-3.50547
				,0.5
				,1
				,-4.02981
				,0.5
				,1
				,-5.59386
				,-0.5
				,1
				,-5.59386
				,0.5
				,0.25
				,-3.50547
				,0.5
				,-1
				,-4.02981
				,0.5
				,-1
				,-5.59386
				,-0.5
				,-1
				,-5.59386
				,-0.5
				,-1
				,-7.00547
				,0.5
				,-1
				,-7.00547
				,0.5
				,1
				,-7.00547
				,-0.5
				,1
				,-7.00547
				,-1
				,-1
				,-1.50547
				,-1
				,1
				,-3.50547
				,-1
				,-1
				,-3.50547
				,-1
				,1
				,-1.50547
				,1
				,-1
				,-1.50547
				,1
				,1
				,-3.50547
				,1
				,-1
				,-3.50547
				,1
				,1
				,-1.50547
				,-0.4
				,-0.8
				,-7.00547
				,-0.4
				,-0.2
				,-8.25547
				,-0.4
				,-0.8
				,-8.25547
				,-0.4
				,-0.2
				,-7.00547
				,0.4
				,-0.8
				,-7.00547
				,0.4
				,-0.2
				,-8.25547
				,-0.4
				,-0.2
				,-9.50547
				,-0.4
				,-0.8
				,-9.50547
				,0.4
				,-0.2
				,-9.50547
				,0.4
				,-0.8
				,-9.50547
				,0.4
				,-0.8
				,-8.25547
				,0.4
				,-0.2
				,-7.00547
				,-0.4
				,0.2
				,-7.00547
				,-0.4
				,0.8
				,-8.25547
				,-0.4
				,0.2
				,-8.25547
				,-0.4
				,0.8
				,-7.00547
				,0.4
				,0.2
				,-7.00547
				,0.4
				,0.8
				,-8.25547
				,-0.4
				,0.2
				,-9.50547
				,-0.4
				,0.8
				,-9.50547
				,0.4
				,0.8
				,-9.50547
				,0.4
				,0.2
				,-9.50547
				,0.4
				,0.2
				,-8.25547
				,0.4
				,0.8
				,-7.00547
				,-0.4
				,-2
				,-4.10547
				,-0.4
				,-1
				,-4.90547
				,-0.4
				,-2
				,-4.90547
				,-0.4
				,-1
				,-4.10547
				,0.4
				,-2
				,-4.10547
				,-0.4
				,-3
				,-4.10547
				,0.4
				,-3
				,-4.10547
				,-0.4
				,-3
				,-4.90547
				,0.4
				,-3
				,-4.90547
				,0.4
				,-2
				,-4.90547
				,0.4
				,-1
				,-4.10547
				,0.4
				,-1
				,-4.90547
				,-0.4
				,1
				,-4.10547
				,-0.4
				,2
				,-4.90547
				,-0.4
				,1
				,-4.90547
				,-0.4
				,2
				,-4.10547
				,0.4
				,1
				,-4.10547
				,0.4
				,2
				,-4.90547
				,0.4
				,3
				,-4.90547
				,-0.4
				,3
				,-4.90547
				,-0.4
				,3
				,-4.10547
				,0.4
				,3
				,-4.10547
				,0.4
				,2
				,-4.10547
				,0.4
				,1
				,-4.90547
			]
			,"normals": [
				 -0.645314
				,-0.229438
				,0.728599
				,-0.616382
				,0.698325
				,0.363842
				,-0.616382
				,-0.698325
				,0.363842
				,-0.645314
				,0.229438
				,0.728599
				,0.645314
				,-0.229438
				,0.728599
				,0.616382
				,0.698325
				,0.363842
				,0.707083
				,0.707083
				,0
				,-0.707083
				,0.707083
				,0
				,0.645314
				,0.229438
				,0.728599
				,0.616382
				,-0.698325
				,0.363842
				,0.707083
				,-0.707083
				,0
				,-0.707083
				,-0.707083
				,0
				,-0.577349
				,-0.577349
				,-0.577349
				,0.577349
				,-0.577349
				,-0.577349
				,0.577349
				,0.577349
				,-0.577349
				,-0.577349
				,0.577349
				,-0.577349
				,-0.577349
				,-0.577349
				,0.577349
				,-0.577349
				,0.577349
				,-0.577349
				,-0.577349
				,-0.577349
				,-0.577349
				,-0.577349
				,0.577349
				,0.577349
				,0.577349
				,-0.577349
				,0.577349
				,0.577349
				,0.577349
				,-0.577349
				,0.577349
				,-0.577349
				,-0.577349
				,0.577349
				,0.577349
				,0.577349
				,-0.577349
				,-0.577349
				,0.577349
				,-0.707083
				,0.707083
				,0
				,-0.707083
				,-0.707083
				,0
				,-0.577349
				,0.577349
				,0.577349
				,0.577349
				,-0.577349
				,0.577349
				,0.707083
				,0.707083
				,0
				,-0.577349
				,0.577349
				,-0.577349
				,-0.577349
				,-0.577349
				,-0.577349
				,0.577349
				,0.577349
				,-0.577349
				,0.577349
				,-0.577349
				,-0.577349
				,0.707083
				,-0.707083
				,0
				,0.577349
				,0.577349
				,0.577349
				,-0.577349
				,-0.577349
				,0.577349
				,-0.707083
				,0.707083
				,0
				,-0.707083
				,-0.707083
				,0
				,-0.577349
				,0.577349
				,0.577349
				,0.577349
				,-0.577349
				,0.577349
				,0.707083
				,0.707083
				,0
				,-0.577349
				,-0.577349
				,-0.577349
				,-0.577349
				,0.577349
				,-0.577349
				,0.577349
				,0.577349
				,-0.577349
				,0.577349
				,-0.577349
				,-0.577349
				,0.707083
				,-0.707083
				,0
				,0.577349
				,0.577349
				,0.577349
				,-0.707083
				,0
				,0.707083
				,-0.577349
				,0.577349
				,-0.577349
				,-0.707083
				,0
				,-0.707083
				,-0.577349
				,0.577349
				,0.577349
				,0.707083
				,0
				,0.707083
				,-0.577349
				,-0.577349
				,0.577349
				,0.577349
				,-0.577349
				,0.577349
				,-0.577349
				,-0.577349
				,-0.577349
				,0.577349
				,-0.577349
				,-0.577349
				,0.707083
				,0
				,-0.707083
				,0.577349
				,0.577349
				,0.577349
				,0.577349
				,0.577349
				,-0.577349
				,-0.577349
				,-0.577349
				,0.577349
				,-0.707083
				,0
				,-0.707083
				,-0.577349
				,-0.577349
				,-0.577349
				,-0.707083
				,0
				,0.707083
				,0.577349
				,-0.577349
				,0.577349
				,0.707083
				,0
				,-0.707083
				,0.577349
				,0.577349
				,-0.577349
				,-0.577349
				,0.577349
				,-0.577349
				,-0.577349
				,0.577349
				,0.577349
				,0.577349
				,0.577349
				,0.577349
				,0.707083
				,0
				,0.707083
				,0.577349
				,-0.577349
				,-0.577349
			]
			,